{"train_loss":{"0":0.6800599694,"1":0.6196727157,"2":0.5932809114,"3":0.5737546682,"4":0.5583776832,"5":0.5443453193,"6":0.5313138366,"7":0.5188691616,"8":0.505499661,"9":0.4944525659},"val_loss":{"0":0.655900836,"1":0.619912982,"2":0.6134599447,"3":0.5890436172,"4":0.5914719105,"5":0.6227985024,"6":0.5719015598,"7":0.5781797767,"8":0.5682694912,"9":0.5699622035},"train_map":{"0":0.3543790579,"1":0.4262262583,"2":0.4844122827,"3":0.5277903676,"4":0.5570821166,"5":0.5751921535,"6":0.5933347344,"7":0.6059398055,"8":0.6150641441,"9":0.6271508336},"val_map":{"0":0.437694937,"1":0.4327426553,"2":0.5368416905,"3":0.5514048934,"4":0.5510000587,"5":0.3596845567,"6":0.6205900908,"7":0.6391614676,"8":0.601845026,"9":0.6247891784},"train_pckh":{"0":0.3620542288,"1":0.3975594342,"2":0.4161563516,"3":0.4331322014,"4":0.4496802986,"5":0.465080142,"6":0.482708931,"7":0.4981763363,"8":0.5090282559,"9":0.5219740868},"val_pckh":{"0":0.4102303386,"1":0.3931232989,"2":0.4202235639,"3":0.4153116643,"4":0.434959352,"5":0.3536585271,"6":0.4701896906,"7":0.4747628868,"8":0.4947493076,"9":0.5055894256},"epoch_time":{"0":805.5725369453,"1":787.854475975,"2":768.2716183662,"3":767.0342547894,"4":767.2036309242,"5":769.6717174053,"6":763.2303638458,"7":776.7719376087,"8":770.7162160873,"9":769.4893856049}}