{"loss":{"0":25.5923271179,"1":14.9433717728,"2":7.1132349968,"3":5.1209206581,"4":4.0599212646,"5":3.3323750496,"6":2.7524373531,"7":2.2684545517,"8":1.8555225134,"9":1.5073746443,"10":1.2180056572,"11":0.9871715903,"12":0.794395864,"13":0.6498628259,"14":0.5373135805,"15":0.4406185746,"16":0.3755297065,"17":0.3163545728,"18":0.2783816159,"19":0.2521253526},"val_loss":{"0":24.9351444244,"1":9.7934417725,"2":6.8508124352,"3":5.1988635063,"4":4.6383657455,"5":4.3538823128,"6":4.2716240883,"7":4.4574770927,"8":4.3703551292,"9":4.3098092079,"10":4.4577031136,"11":4.5771665573,"12":4.8719768524,"13":4.9670329094,"14":5.3189492226,"15":5.6061420441,"16":5.7004103661,"17":5.659137249,"18":5.7655620575,"19":5.9117102623}}