{"loss":{"0":39.821231842,"1":35.5590248108,"2":34.8772277832,"3":34.3425178528,"4":33.9670829773,"5":33.7059822083,"6":33.5048751831,"7":33.3217811584,"8":33.1793212891,"9":33.0394592285,"10":32.8956604004,"11":32.728767395,"12":32.5863838196,"13":32.3935165405,"14":32.2311630249,"15":31.9936656952,"16":31.7776088715,"17":31.5127544403,"18":31.2378387451,"19":30.9624233246},"val_loss":{"0":33.6489944458,"1":33.1154441833,"2":32.5115013123,"3":32.2695426941,"4":32.2226257324,"5":32.1271972656,"6":32.0385055542,"7":32.08203125,"8":31.9482154846,"9":31.8851013184,"10":31.910358429,"11":32.039188385,"12":31.738363266,"13":31.572593689,"14":31.5329837799,"15":31.4053020477,"16":31.3535060883,"17":31.2883014679,"18":31.3339691162,"19":31.1268482208}}