{"loss":{"0":4.0544786453,"1":2.4666967392,"2":1.8232970238,"3":1.4863276482,"4":1.2499047518,"5":1.067332983,"6":0.9338258505,"7":0.8307655454,"8":0.725703299,"9":0.6348625422,"10":0.6061689854,"11":0.5197717547,"12":0.4734408259,"13":0.4221608043,"14":0.3859778345,"15":0.3467866182,"16":0.3138328791,"17":0.2898729146,"18":0.2669681907,"19":0.2447636873,"20":0.2161074579,"21":0.2049230188,"22":0.1941337883,"23":0.1715196669,"24":0.1652854532,"25":0.1466225684,"26":0.136982426,"27":0.1258347631,"28":0.116188921,"29":0.1079605222,"30":0.0979871824,"31":0.0954133943,"32":0.0909705982,"33":0.0837607235,"34":0.0862906426,"35":0.0690410808,"36":0.0693475008,"37":0.0653970093,"38":0.0613828264,"39":0.0569378547,"40":0.0558006428,"41":0.0518896878,"42":0.0498707928,"43":0.0616957359,"44":0.0470965542,"45":0.0544045195,"46":0.0443456285,"47":0.0374059491,"48":0.0358801372,"49":0.0352725796},"accuracy":{"0":0.1326249987,"1":0.4252499938,"2":0.5507500172,"3":0.6252083182,"4":0.682708323,"5":0.7317500114,"6":0.7689583302,"7":0.7951250076,"8":0.8250416517,"9":0.8465833068,"10":0.8509583473,"11":0.8774166703,"12":0.8891249895,"13":0.9018333554,"14":0.9091249704,"15":0.9190416932,"16":0.9274166822,"17":0.9327916503,"18":0.9413750172,"19":0.9455416799,"20":0.9545833468,"21":0.9559583068,"22":0.9592916369,"23":0.9667916894,"24":0.9660416842,"25":0.971750021,"26":0.9743750095,"27":0.9780416489,"28":0.9789583087,"29":0.9819583297,"30":0.9839583039,"31":0.9841666818,"32":0.9850000143,"33":0.9874166846,"34":0.9866250157,"35":0.990416646,"36":0.9900833368,"37":0.9901250005,"38":0.9910416603,"39":0.9922916889,"40":0.992749989,"41":0.9928333163,"42":0.993416667,"43":0.9895416498,"44":0.9942499995,"45":0.9916666746,"46":0.9946249723,"47":0.9959166646,"48":0.9961249828,"49":0.99575001},"val_loss":{"0":2.5907273293,"1":1.6913056374,"2":1.3846665621,"3":1.2530676126,"4":1.1564028263,"5":1.10632658,"6":1.1208590269,"7":1.0950061083,"8":1.0387790203,"9":1.0501950979,"10":1.0171165466,"11":0.9936367273,"12":1.0193583965,"13":1.0292466879,"14":1.0078953505,"15":1.003787756,"16":1.0019928217,"17":0.9920071363,"18":1.0138318539,"19":1.0076560974,"20":0.9924143553,"21":1.0261893272,"22":1.0113477707,"23":1.0140544176,"24":1.0137354136,"25":1.0076050758,"26":1.0094364882,"27":1.0153410435,"28":1.0095428228,"29":1.0235198736,"30":1.0206211805,"31":1.0178341866,"32":1.027526021,"33":1.0411862135,"34":1.030349493,"35":1.0600229502,"36":1.0442926884,"37":1.0439749956,"38":1.0418003798,"39":1.0468883514,"40":1.0459784269,"41":1.0525666475,"42":1.0424147844,"43":1.0564756393,"44":1.0478668213,"45":1.0621339083,"46":1.0531132221,"47":1.0552177429,"48":1.0589200258,"49":1.0566836596},"val_accuracy":{"0":0.4095149338,"1":0.5847714543,"2":0.645755589,"3":0.6728078127,"4":0.688082993,"5":0.6940298676,"6":0.694263041,"7":0.6923974156,"8":0.710354507,"9":0.701259315,"10":0.7110540867,"11":0.713619411,"12":0.708255589,"13":0.7046408653,"14":0.7088386416,"15":0.7079057693,"16":0.7102378607,"17":0.7132695913,"18":0.7061567307,"19":0.7132695913,"20":0.7175839543,"21":0.7059234977,"22":0.7097714543,"23":0.7087219954,"24":0.7123367786,"25":0.7104710937,"26":0.7121035457,"27":0.7100046873,"28":0.7131530046,"29":0.7102378607,"30":0.7140858173,"31":0.7151352763,"32":0.7108209133,"33":0.7073227763,"34":0.709071815,"35":0.7030084133,"36":0.7086054087,"37":0.7073227763,"38":0.7094216347,"39":0.7052238584,"40":0.7069729567,"41":0.7060400844,"42":0.7094216347,"43":0.7087219954,"44":0.70720613,"45":0.70685637,"46":0.7096548676,"47":0.7097714543,"48":0.7067397237,"49":0.7109375}}