{"loss":{"0":2.4005665779,"1":1.3806205988,"2":1.1259571314,"3":1.0434906483,"4":1.0053281784},"accuracy":{"0":0.4886666536,"1":0.7761666775,"2":0.8518750072,"3":0.8704166412,"4":0.8762083054},"val_loss":{"0":1.1306693554,"1":1.0209181309,"2":1.144495368,"3":1.1360639334,"4":1.1340581179},"val_accuracy":{"0":0.6733908653,"1":0.7080224156,"2":0.6810867786,"3":0.688549459,"4":0.6972947717}}