{"loss":{"0":2.1314628124,"1":1.0276136398,"2":0.6294828057,"3":0.4109612703,"4":0.2891257703},"accuracy":{"0":0.4454583228,"1":0.7077916861,"2":0.8227499723,"3":0.8894166946,"4":0.924875021},"val_loss":{"0":1.5198441744,"1":1.5586702824,"2":1.1708129644,"3":1.2065628767,"4":1.256832242},"val_accuracy":{"0":0.5666977763,"1":0.5680969954,"2":0.663013041,"3":0.6688432693,"4":0.6606809497}}