{"loss":{"0":2.4157977104,"1":1.3841807842,"2":1.1326122284,"3":1.0377978086,"4":0.9978281856},"accuracy":{"0":0.4851250052,"1":0.777125001,"2":0.8501250148,"3":0.8690833449,"4":0.8801666498},"val_loss":{"0":1.2864220142,"1":1.0427039862,"2":1.0717217922,"3":1.0179182291,"4":1.0414475203},"val_accuracy":{"0":0.6356109977,"1":0.700443089,"2":0.7003265023,"3":0.723880589,"4":0.7164179087}}