{"loss":{"0":3.6865196228,"1":2.799052,"2":2.4867069721,"3":2.3579277992,"4":2.1824469566,"5":2.1033840179,"6":2.0023677349,"7":1.9734942913,"8":1.9393538237,"9":1.9080806971,"10":1.8119149208,"11":1.8164907694,"12":1.7796466351,"13":1.7893083096,"14":1.8021374941,"15":1.749325633,"16":1.7034150362,"17":1.7066571712,"18":1.7077708244,"19":1.6960680485,"20":1.6536453962,"21":1.6596899033,"22":1.7090301514,"23":1.6170654297,"24":1.6778622866,"25":1.5943223238,"26":1.6121650934,"27":1.5934007168,"28":1.5562895536,"29":1.5477218628,"30":1.5445883274,"31":1.5635771751,"32":1.5605481863,"33":1.5373735428,"34":1.5283368826,"35":1.5031814575,"36":1.506664753,"37":1.4982130527,"38":1.4501459599,"39":1.4974538088,"40":1.5051453114,"41":1.4577538967,"42":1.4909546375,"43":1.4691443443,"44":1.4515429735,"45":1.4705281258,"46":1.3987681866,"47":1.4257582426,"48":1.42544806,"49":1.4489814043,"50":1.4204692841,"51":1.4004708529,"52":1.3560973406,"53":1.4156811237,"54":1.3539757729,"55":1.356965661,"56":1.3864535093,"57":1.3975250721,"58":1.3419862986,"59":1.316260457,"60":1.3158589602,"61":1.3907934427,"62":1.2921453714,"63":1.3461641073,"64":1.3551539183,"65":1.3341947794,"66":1.3228911161,"67":1.3300285339,"68":1.3101961613,"69":1.3628536463,"70":1.3005685806,"71":1.3340593576,"72":1.2770837545,"73":1.2790461779,"74":1.2824846506,"75":1.2598540783,"76":1.260867238,"77":1.255245924,"78":1.2670912743,"79":1.3147566319,"80":1.2789903879,"81":1.2219845057,"82":1.2359144688,"83":1.2286485434,"84":1.2483152151,"85":1.2593604326,"86":1.2321975231,"87":1.2295963764,"88":1.1663548946,"89":1.228115201,"90":1.2448190451,"91":1.2351440191,"92":1.2250088453,"93":1.1768189669,"94":1.1749169827,"95":1.2190004587,"96":1.2096613646,"97":1.1732770205,"98":1.1636660099,"99":1.1595669985},"accuracy":{"0":0.2482499927,"1":0.5137500167,"2":0.6328333616,"3":0.691083312,"4":0.7458333373,"5":0.7774999738,"6":0.8079166412,"7":0.8194166422,"8":0.8288333416,"9":0.8321666718,"10":0.8655833602,"11":0.857583344,"12":0.8674166799,"13":0.8635833263,"14":0.8524166942,"15":0.8659166694,"16":0.8704166412,"17":0.8814166784,"18":0.8748333454,"19":0.8742499948,"20":0.8895000219,"21":0.8836666942,"22":0.8744999766,"23":0.8864166737,"24":0.8776666522,"25":0.8865833282,"26":0.8902500272,"27":0.8931666613,"28":0.906916678,"29":0.9015833139,"30":0.895416677,"31":0.8915833235,"32":0.8904166818,"33":0.8902500272,"34":0.8882499933,"35":0.9029999971,"36":0.8995833397,"37":0.898999989,"38":0.9091666937,"39":0.8985000253,"40":0.8939999938,"41":0.9019166827,"42":0.8920833468,"43":0.8908333182,"44":0.8934166431,"45":0.8968333602,"46":0.9035833478,"47":0.8987500072,"48":0.8899999857,"49":0.8897500038,"50":0.9005833268,"51":0.8962500095,"52":0.9058333039,"53":0.8929166794,"54":0.9125000238,"55":0.9027500153,"56":0.9006666541,"57":0.8962500095,"58":0.9030833244,"59":0.9071666598,"60":0.9089999795,"61":0.8854166865,"62":0.9093333483,"63":0.9028333426,"64":0.8931666613,"65":0.9089166522,"66":0.9024999738,"67":0.9014999866,"68":0.9007499814,"69":0.9007499814,"70":0.8991666436,"71":0.8889999986,"72":0.9053333402,"73":0.9104166627,"74":0.890083313,"75":0.9074166417,"76":0.9010000229,"77":0.9018333554,"78":0.9049999714,"79":0.893083334,"80":0.8899166584,"81":0.9034166932,"82":0.9060833454,"83":0.9064166546,"84":0.8981666565,"85":0.9006666541,"86":0.9031666517,"87":0.8968333602,"88":0.9085000157,"89":0.8909166455,"90":0.8926666379,"91":0.8927500248,"92":0.8859999776,"93":0.9086666703,"94":0.902666688,"95":0.897333324,"96":0.8953333497,"97":0.9037500024,"98":0.8985833526,"99":0.8958333135},"val_loss":{"0":3.6662640572,"1":1.6672935486,"2":1.4343341589,"3":1.5430761576,"4":1.4313640594,"5":1.2507534027,"6":1.3081434965,"7":1.3839679956,"8":1.5467020273,"9":1.3924548626,"10":1.2535912991,"11":1.3005511761,"12":1.2750082016,"13":1.4228371382,"14":1.3222616911,"15":1.4744610786,"16":1.4393324852,"17":1.385020256,"18":1.3720463514,"19":1.424842,"20":1.6059619188,"21":1.5409772396,"22":1.3220618963,"23":1.351575613,"24":1.4977048635,"25":1.4056296349,"26":1.3530622721,"27":1.403470993,"28":1.4174810648,"29":1.3999806643,"30":1.4490497112,"31":1.434291482,"32":1.5162699223,"33":1.3967008591,"34":1.4077575207,"35":1.4774039984,"36":1.4636029005,"37":1.5451399088,"38":1.4961200953,"39":1.4489345551,"40":1.4612492323,"41":1.5521126986,"42":1.6438575983,"43":1.5044336319,"44":1.7084519863,"45":1.5476211309,"46":1.6113581657,"47":1.5102478266,"48":1.5450495481,"49":1.5999138355,"50":1.5377944708,"51":1.5753067732,"52":1.6522058249,"53":1.9174011946,"54":1.5582129955,"55":1.5681887865,"56":1.6218069792,"57":1.5547372103,"58":1.5234217644,"59":1.631867528,"60":1.6940193176,"61":1.7622913122,"62":1.5269632339,"63":1.5313997269,"64":1.6890001297,"65":1.8198496103,"66":1.5916624069,"67":1.5987362862,"68":1.6284307241,"69":1.6030987501,"70":1.6165281534,"71":1.5819671154,"72":1.6356037855,"73":1.6539527178,"74":1.5127534866,"75":1.5721330643,"76":1.6754188538,"77":1.6397945881,"78":1.6756623983,"79":1.6378958225,"80":1.631573081,"81":1.6072531939,"82":1.6593910456,"83":1.6096754074,"84":1.684628129,"85":1.6754289865,"86":1.7007572651,"87":1.650649786,"88":1.6338307858,"89":1.8394569159,"90":1.6346156597,"91":1.6633591652,"92":1.7021666765,"93":1.6810529232,"94":1.6505638361,"95":1.6480859518,"96":1.7448371649,"97":1.8349345922,"98":1.6899809837,"99":1.6755263805},"val_accuracy":{"0":0.1735074669,"1":0.547924459,"2":0.6010960937,"3":0.5812733173,"4":0.612873137,"5":0.6485540867,"6":0.656832993,"7":0.6436567307,"8":0.6043609977,"9":0.6370102763,"10":0.6731576324,"11":0.6637126803,"12":0.681319952,"13":0.6470382214,"14":0.6649953127,"15":0.6356109977,"16":0.6392257214,"17":0.6574160457,"18":0.6610307693,"19":0.650303185,"20":0.6199859977,"21":0.6288479567,"22":0.6733908653,"23":0.6714085937,"24":0.637943089,"25":0.6590484977,"26":0.6803871393,"27":0.6705923676,"28":0.6593983173,"29":0.6812033653,"30":0.65998137,"31":0.667327404,"32":0.648670733,"33":0.6744403243,"34":0.6649953127,"35":0.6598647237,"36":0.6590484977,"37":0.633861959,"38":0.6477378607,"39":0.655667007,"40":0.6619636416,"41":0.6405084133,"42":0.6184701324,"43":0.6475046873,"44":0.616954267,"45":0.63689363,"46":0.6191697717,"47":0.6531016827,"48":0.6466884613,"49":0.633628726,"50":0.639575541,"51":0.6347947717,"52":0.6238339543,"53":0.548507452,"54":0.6435400844,"55":0.6417910457,"56":0.6220849156,"57":0.6340951324,"58":0.6563665867,"59":0.624183774,"60":0.6164878607,"61":0.6079757214,"62":0.6540344954,"63":0.647854507,"64":0.6335121393,"65":0.593516767,"66":0.6218516827,"67":0.627681911,"68":0.6316464543,"69":0.6261660457,"70":0.6298974156,"71":0.6421408653,"72":0.616371274,"73":0.6246501803,"74":0.646805048,"75":0.6388759613,"76":0.6162546873,"77":0.6210354567,"78":0.624183774,"79":0.6229011416,"80":0.623134315,"81":0.637943089,"82":0.616604507,"83":0.6343283653,"84":0.609141767,"85":0.619053185,"86":0.622318089,"87":0.6238339543,"88":0.628264904,"89":0.5922341347,"90":0.6440065503,"91":0.616138041,"92":0.61310637,"93":0.609375,"94":0.623950541,"95":0.624766767,"96":0.59783113,"97":0.5812733173,"98":0.620685637,"99":0.6164878607}}