{"loss":{"0":2.2151978016,"1":0.7761798501,"2":0.3018167019,"3":0.0929868594,"4":0.0348458253},"accuracy":{"0":0.4450833201,"1":0.7809166908,"2":0.9267500043,"3":0.9872499704,"4":0.9975000024},"val_loss":{"0":3.3658614159,"1":1.0471593142,"2":1.0385905504,"3":0.8997115493,"4":0.9305862784},"val_accuracy":{"0":0.2175839543,"1":0.6932136416,"2":0.702075541,"3":0.7404384613,"4":0.7398554087}}