{"loss":{"0":4.4564294815,"1":2.9342372417,"2":2.0090889931,"3":1.5025362968,"4":1.1487556696,"5":0.911151588,"6":0.7334362268,"7":0.5805703998,"8":0.4657367468,"9":0.3744385839,"10":0.3117698431,"11":0.3081685603,"12":0.214780435,"13":0.1795492172,"14":0.1506621838,"15":0.1313750744,"16":0.111319989,"17":0.097869128,"18":0.0868525058,"19":0.0770821273,"20":0.0691211596,"21":0.064110823,"22":0.0583311617,"23":0.0519235134,"24":0.0493374318,"25":0.0448378697,"26":0.0419289283,"27":0.0369657911,"28":0.0365241505,"29":0.0336729251,"30":0.0303646773,"31":0.0298972167,"32":0.0292805154,"33":0.0302920882,"34":0.0259997435,"35":0.0247266646,"36":0.0228016991,"37":0.0215358734,"38":0.0215382837,"39":0.0201188065,"40":0.0185937826,"41":0.0189461187,"42":0.0179305449,"43":0.0172944851,"44":0.016779596,"45":0.0163957626,"46":0.0149245746,"47":0.0147385709,"48":0.0145443408,"49":0.0143545317},"accuracy":{"0":0.0780000016,"1":0.3705833256,"2":0.5591666698,"3":0.6564999819,"4":0.7472500205,"5":0.805249989,"6":0.8595833182,"7":0.9024999738,"8":0.9301666617,"9":0.9563333392,"10":0.9677500129,"11":0.9636666775,"12":0.9862499833,"13":0.9894999862,"14":0.9935833216,"15":0.99575001,"16":0.9965833426,"17":0.9977499843,"18":0.9980000257,"19":0.9984999895,"20":0.9988333583,"21":0.9986666441,"22":0.9990000129,"23":0.9994999766,"24":0.9992499948,"25":0.9996666908,"26":0.9998333454,"27":1.0,"28":0.9995833039,"29":0.9999166727,"30":0.9998333454,"31":0.9997500181,"32":0.9995833039,"33":0.9998333454,"34":0.9998333454,"35":0.9997500181,"36":0.9998333454,"37":0.9998333454,"38":0.9998333454,"39":0.9998333454,"40":1.0,"41":0.9999166727,"42":0.9998333454,"43":0.9998333454,"44":0.9997500181,"45":0.9995833039,"46":1.0,"47":0.9998333454,"48":0.9997500181,"49":0.9997500181},"val_loss":{"0":4.6898751259,"1":2.2356133461,"2":1.6500672102,"3":1.3656067848,"4":1.2152403593,"5":1.1513874531,"6":1.0771602392,"7":1.0535901785,"8":1.0216966867,"9":1.0090008974,"10":0.9976218939,"11":0.9920560718,"12":0.9921910167,"13":0.9879140258,"14":0.9882684946,"15":0.9877513051,"16":0.9916132689,"17":0.9911701679,"18":0.9987503886,"19":1.0007356405,"20":1.0024607182,"21":1.007769227,"22":1.0109065771,"23":1.0162340403,"24":1.0170875788,"25":1.0225360394,"26":1.026719451,"27":1.029810071,"28":1.0337537527,"29":1.0360065699,"30":1.038546443,"31":1.0422213078,"32":1.051078558,"33":1.0476841927,"34":1.0507224798,"35":1.0540641546,"36":1.0551265478,"37":1.0589327812,"38":1.062519908,"39":1.0715047121,"40":1.0666651726,"41":1.0688937902,"42":1.0739430189,"43":1.0746455193,"44":1.0749773979,"45":1.0837436914,"46":1.0809168816,"47":1.0846215487,"48":1.0830842257,"49":1.0880182981},"val_accuracy":{"0":0.0436100736,"1":0.4750466347,"2":0.579174459,"3":0.6347947717,"4":0.6644123197,"5":0.6705923676,"6":0.688549459,"7":0.6908815503,"8":0.6975280046,"9":0.703941226,"10":0.7026585937,"11":0.7053405046,"12":0.7060400844,"13":0.7070895433,"14":0.7080224156,"15":0.710121274,"16":0.7094216347,"17":0.7123367786,"18":0.711170733,"19":0.7083721757,"20":0.7091884613,"21":0.7089552283,"22":0.7108209133,"23":0.7091884613,"24":0.7108209133,"25":0.7095382214,"26":0.709071815,"27":0.7100046873,"28":0.7080224156,"29":0.7083721757,"30":0.7100046873,"31":0.7089552283,"32":0.706623137,"33":0.709071815,"34":0.7083721757,"35":0.7096548676,"36":0.709071815,"37":0.7073227763,"38":0.7110540867,"39":0.706623137,"40":0.7087219954,"41":0.710121274,"42":0.707672596,"43":0.7097714543,"44":0.709305048,"45":0.709305048,"46":0.7079057693,"47":0.707439363,"48":0.7114039063,"49":0.708255589}}