{"epoch":{"0":1,"1":2,"2":3,"3":4,"4":5,"5":6,"6":7,"7":8,"8":9,"9":10,"10":11,"11":12,"12":13,"13":14,"14":15,"15":16,"16":17,"17":18,"18":19,"19":20,"20":21,"21":22,"22":23,"23":24,"24":25,"25":26,"26":27,"27":28,"28":29,"29":30},"total_loss":{"0":4.3407325745,"1":3.7522563934,"2":6.1466197968,"3":5.5533528328,"4":4.7994170189,"5":5.4925575256,"6":5.5708389282,"7":6.046795845,"8":4.4588346481,"9":4.5568180084,"10":4.4230723381,"11":5.8622770309,"12":4.728990078,"13":6.64316082,"14":4.622710228,"15":6.0146417618,"16":4.510969162,"17":4.7899360657,"18":4.7627401352,"19":4.6014704704,"20":4.2893877029,"21":4.3245687485,"22":4.6115627289,"23":5.6534061432,"24":4.5324897766,"25":5.2475810051,"26":5.4551362991,"27":3.3386337757,"28":6.2134141922,"29":4.6199622154},"loc_loss":{"0":2.8697555065,"1":2.3912501335,"2":4.8810448647,"3":4.1967191696,"4":3.5033569336,"5":4.3696503639,"6":4.0583662987,"7":4.7830486298,"8":2.951406002,"9":3.6055836678,"10":3.2385611534,"11":4.5879640579,"12":3.4133024216,"13":5.4790058136,"14":3.7351734638,"15":4.8497023582,"16":3.0881435871,"17":3.506701231,"18":3.6715118885,"19":3.4285254478,"20":3.0257954597,"21":3.3473608494,"22":3.3753285408,"23":3.9630541801,"24":3.2683598995,"25":4.1323480606,"26":4.3822627068,"27":2.3757390976,"28":5.1312770844,"29":3.673186779},"class_loss":{"0":1.4709771872,"1":1.3610061407,"2":1.2655751705,"3":1.356633544,"4":1.2960602045,"5":1.1229074001,"6":1.512472868,"7":1.2637472153,"8":1.5074286461,"9":0.9512341022,"10":1.1845110655,"11":1.2743127346,"12":1.3156876564,"13":1.164154768,"14":0.8875365257,"15":1.1649395227,"16":1.4228254557,"17":1.2832349539,"18":1.0912281275,"19":1.1729449034,"20":1.263592124,"21":0.9772077799,"22":1.2362340689,"23":1.6903518438,"24":1.2641296387,"25":1.1152328253,"26":1.0728734732,"27":0.9628946185,"28":1.0821373463,"29":0.9467753172}}