{"epoch":{"0":1,"1":2,"2":3,"3":4,"4":5,"5":6,"6":7,"7":8,"8":9,"9":10,"10":11,"11":12,"12":13,"13":14,"14":15,"15":16,"16":17,"17":18,"18":19,"19":20,"20":21,"21":22,"22":23,"23":24,"24":25,"25":26,"26":27,"27":28,"28":29,"29":30},"total_loss":{"0":6.1634864807,"1":6.7950401306,"2":5.0954561234,"3":6.1452550888,"4":6.5748376846,"5":6.3559269905,"6":9.4650001526,"7":6.3184890747,"8":5.383149147,"9":6.52612257,"10":7.7873954773,"11":3.3818244934,"12":6.0752882957,"13":5.8607902527,"14":6.5370407104,"15":4.9134087563,"16":7.5474200249,"17":5.9504761696,"18":5.612739563,"19":4.5852327347,"20":3.5530364513,"21":4.7548136711,"22":6.849673748,"23":6.3567824364,"24":6.8067941666,"25":3.9110841751,"26":4.2203731537,"27":6.5925579071,"28":4.0630631447,"29":3.7120075226},"loc_loss":{"0":4.0770072937,"1":4.9842863083,"2":3.0192008018,"3":4.388584137,"4":4.784070015,"5":4.6083946228,"6":7.8408255577,"7":4.5347270966,"8":3.835201025,"9":5.0739531517,"10":6.3131875992,"11":2.1225225925,"12":4.3892502785,"13":4.2775025368,"14":5.0763669014,"15":3.5525124073,"16":5.9142417908,"17":4.5865607262,"18":4.2409696579,"19":3.1529192924,"20":2.3425552845,"21":3.7740213871,"22":5.4937405586,"23":4.8636617661,"24":5.5355796814,"25":2.9195466042,"26":3.0594217777,"27":4.923371315,"28":3.0263903141,"29":2.7587172985},"class_loss":{"0":2.0864789486,"1":1.8107538223,"2":2.0762553215,"3":1.7566708326,"4":1.7907675505,"5":1.7475323677,"6":1.624174118,"7":1.7837617397,"8":1.5479483604,"9":1.4521694183,"10":1.4742077589,"11":1.2593019009,"12":1.6860381365,"13":1.5832874775,"14":1.4606739283,"15":1.3608962297,"16":1.6331781149,"17":1.3639154434,"18":1.3717700243,"19":1.4323136806,"20":1.2104811668,"21":0.9807921052,"22":1.3559330702,"23":1.4931206703,"24":1.2712144852,"25":0.9915374517,"26":1.160951376,"27":1.6691868305,"28":1.0366728306,"29":0.9532903433},"total_val_loss":{"0":6.4884076357,"1":6.0817645574,"2":6.267794404,"3":5.8951623082,"4":5.9042196035,"5":5.5504508185,"6":5.7976074123,"7":5.4202655864,"8":5.2663208389,"9":5.3272497153,"10":5.6232801533,"11":5.4295863247,"12":5.0845409942,"13":5.0203568029,"14":5.0261524844,"15":4.9518960214,"16":5.3930695152,"17":5.1387329531,"18":4.8262365437,"19":4.8905055904,"20":4.7575470877,"21":4.8259826326,"22":4.8229576969,"23":5.0938634753,"24":4.8645348406,"25":4.8855986166,"26":5.0211185765,"27":4.693050909,"28":4.7602415371,"29":5.1029145098},"loc_val_loss":{"0":4.2942315209,"1":4.0847593248,"2":4.3539705491,"3":3.9631067872,"4":4.0008764255,"5":3.7733256161,"6":3.8992971694,"7":3.6834419072,"8":3.5484251869,"9":3.5770196426,"10":3.59021173,"11":3.6693487632,"12":3.4725716472,"13":3.4689575052,"14":3.4270903003,"15":3.3863845849,"16":3.6470054615,"17":3.3950279641,"18":3.3465164804,"19":3.3519912672,"20":3.2833342886,"21":3.3698216844,"22":3.2941345382,"23":3.4669779325,"24":3.3349278212,"25":3.3384197426,"26":3.3652296209,"27":3.285192827,"28":3.2883317626,"29":3.3822483921},"class_val_loss":{"0":2.1941761136,"1":1.9970052314,"2":1.913823868,"3":1.9320555043,"4":1.9033431923,"5":1.7771252286,"6":1.8983102334,"7":1.7368236899,"8":1.7178956389,"9":1.7502300382,"10":2.0330684531,"11":1.7602375913,"12":1.6119693553,"13":1.5513992989,"14":1.5990621901,"15":1.5655114293,"16":1.7460640574,"17":1.7437049913,"18":1.4797200739,"19":1.5385143244,"20":1.4742127967,"21":1.4561609447,"22":1.5288231647,"23":1.6268855345,"24":1.5296070218,"25":1.5471788859,"26":1.6558889627,"27":1.4078580827,"28":1.4719097698,"29":1.7206661236}}