{"loss": [0.9188265800476074, 0.7195929288864136, 0.7076848149299622, 0.6689085364341736, 0.6881856918334961, 0.6816037893295288, 0.651028037071228, 0.633185625076294, 0.599947452545166, 0.5811151266098022, 0.5711763501167297, 0.5043810606002808, 0.5380795001983643, 0.6873775124549866, 0.6798921227455139, 0.675444483757019, 0.6539506912231445, 0.640323281288147, 0.6171241402626038, 0.6036098599433899], "accuracy": [0.5093588829040527, 0.5174937844276428, 0.5347446799278259, 0.6071697473526001, 0.5680374503135681, 0.5811101794242859, 0.6283667087554932, 0.6455464959144592, 0.6799978613853455, 0.6973301768302917, 0.7058823704719543, 0.7610076665878296, 0.7098214030265808, 0.5418552160263062, 0.5652968883514404, 0.5786468386650085, 0.6160176396369934, 0.6400560140609741, 0.6658951640129089, 0.6805899739265442], "val_loss": [0.7364861369132996, 0.6903659105300903, 0.6940276026725769, 0.8637977838516235, 0.6872667074203491, 0.961804986000061, 0.6978281736373901, 0.6854455471038818, 0.8288018703460693, 1.2137188911437988, 0.7043132781982422, 0.6562574505805969, 0.8349480628967285, 0.7130202651023865, 0.6866576671600342, 0.864595353603363, 0.6481000781059265, 0.6458738446235657, 0.6959656476974487, 0.6891369819641113], "val_accuracy": [0.5241379141807556, 0.5254310369491577, 0.5140692591667175, 0.554328978061676, 0.5573592782020569, 0.5608224868774414, 0.5885775685310364, 0.5948051810264587, 0.548275887966156, 0.5413793325424194, 0.6305195093154907, 0.6871739029884338, 0.485281378030777, 0.5578261017799377, 0.5674569010734558, 0.5017315745353699, 0.6284482479095459, 0.631465494632721, 0.5653679370880127, 0.5674569010734558]}