{"loss":{"0":0.7854425311,"1":0.6894207597,"2":0.5876685381,"3":0.5690871477,"4":0.5256587863,"5":0.4704633653,"6":0.4279098213,"7":0.3763804138,"8":0.328617245,"9":0.2801068127,"10":0.2370976061,"11":0.212056756,"12":0.1965632737,"13":0.1688847691,"14":0.1534429044,"15":0.1315697432,"16":0.1230162457,"17":0.1095321998,"18":0.0959206671,"19":0.0885597616},"accuracy":{"0":0.5636236668,"1":0.6229411364,"2":0.6998062134,"3":0.717566669,"4":0.7487610579,"5":0.7830229402,"6":0.8078910708,"7":0.8332616091,"8":0.8567660451,"9":0.8808267713,"10":0.9008504748,"11":0.9121541381,"12":0.9168282747,"13":0.9311531782,"14":0.9387524128,"15":0.946374774,"16":0.9499568939,"17":0.9567555785,"18":0.9628851414,"19":0.9649849534},"val_loss":{"0":0.6999993324,"1":0.9966926575,"2":0.6238332987,"3":0.7114242315,"4":0.6148580313,"5":0.8207139373,"6":0.6033662558,"7":0.4388329089,"8":0.4006047547,"9":0.6859513521,"10":0.3870475888,"11":0.5136496425,"12":0.2647514343,"13":0.2950005233,"14":0.209828347,"15":0.5707274675,"16":0.3915241063,"17":0.2147817314,"18":0.865485549,"19":0.3367731869},"val_accuracy":{"0":0.6064935327,"1":0.5960869789,"2":0.6678879261,"3":0.5967672467,"4":0.6566810608,"5":0.6405172348,"6":0.6823275685,"7":0.7991341949,"8":0.8205627799,"9":0.7081896663,"10":0.8788793087,"11":0.8135775924,"12":0.8829004169,"13":0.875757575,"14":0.9123376608,"15":0.8114224076,"16":0.875862062,"17":0.9159482718,"18":0.775434792,"19":0.907359302}}