{"loss": [1.0169062614440918, 0.7231586575508118, 0.6210879683494568, 0.5745407938957214, 0.5165221095085144, 0.4752054810523987, 0.41488251090049744, 0.4242606461048126, 0.3337545394897461, 0.2915958762168884, 0.27350544929504395, 0.2890063524246216, 0.22620049118995667, 0.1938912272453308, 0.17670154571533203, 0.162428617477417, 0.1530768722295761, 0.15635310113430023, 0.1297845095396042, 0.1575881540775299], "accuracy": [0.5340187549591064, 0.619352400302887, 0.678813636302948, 0.7151476144790649, 0.7536871433258057, 0.779362678527832, 0.8129507899284363, 0.8190619349479675, 0.8522984385490417, 0.8744882345199585, 0.8833566308021545, 0.8796794414520264, 0.9068088531494141, 0.9209818243980408, 0.9278178215026855, 0.934434175491333, 0.9375673532485962, 0.9342771172523499, 0.9467650055885315, 0.9363763332366943], "val_loss": [0.7369436621665955, 0.7728081345558167, 1.0759645700454712, 0.5611869096755981, 0.5270748734474182, 0.44988396763801575, 0.5696441531181335, 0.4394674599170685, 0.41267478466033936, 0.5811680555343628, 1.24026620388031, 0.38037940859794617, 0.4190855324268341, 0.24026978015899658, 0.27348586916923523, 0.21039000153541565, 0.22631381452083588, 0.4004041850566864, 0.2261636108160019, 0.256221204996109], "val_accuracy": [0.5734913945198059, 0.6365801095962524, 0.5484848618507385, 0.709956705570221, 0.7448052167892456, 0.7956521511077881, 0.7417749166488647, 0.7941558361053467, 0.8127155303955078, 0.7936956286430359, 0.5887930989265442, 0.8461039066314697, 0.8303030133247375, 0.8935064673423767, 0.889224112033844, 0.915732741355896, 0.9064934849739075, 0.7956709861755371, 0.9025974273681641, 0.8959051966667175]}