{"loss": [0.7854425311088562, 0.689420759677887, 0.5876685380935669, 0.5690871477127075, 0.5256587862968445, 0.470463365316391, 0.42790982127189636, 0.37638041377067566, 0.32861724495887756, 0.2801068127155304, 0.2370976060628891, 0.21205675601959229, 0.19656327366828918, 0.1688847690820694, 0.15344290435314178, 0.1315697431564331, 0.12301624566316605, 0.1095321998000145, 0.09592066705226898, 0.08855976164340973], "accuracy": [0.5636236667633057, 0.6229411363601685, 0.6998062133789062, 0.7175666689872742, 0.7487610578536987, 0.783022940158844, 0.8078910708427429, 0.8332616090774536, 0.8567660450935364, 0.8808267712593079, 0.9008504748344421, 0.9121541380882263, 0.9168282747268677, 0.9311531782150269, 0.9387524127960205, 0.946374773979187, 0.9499568939208984, 0.9567555785179138, 0.9628851413726807, 0.9649849534034729], "val_loss": [0.6999993324279785, 0.9966926574707031, 0.6238332986831665, 0.7114242315292358, 0.6148580312728882, 0.8207139372825623, 0.6033662557601929, 0.4388329088687897, 0.4006047546863556, 0.6859513521194458, 0.38704758882522583, 0.5136496424674988, 0.2647514343261719, 0.29500052332878113, 0.20982834696769714, 0.5707274675369263, 0.3915241062641144, 0.2147817313671112, 0.8654855489730835, 0.33677318692207336], "val_accuracy": [0.6064935326576233, 0.5960869789123535, 0.6678879261016846, 0.596767246723175, 0.6566810607910156, 0.6405172348022461, 0.6823275685310364, 0.7991341948509216, 0.8205627799034119, 0.7081896662712097, 0.8788793087005615, 0.8135775923728943, 0.8829004168510437, 0.8757575750350952, 0.9123376607894897, 0.8114224076271057, 0.8758620619773865, 0.9159482717514038, 0.7754347920417786, 0.9073593020439148]}