{"loss":{"0":0.91882658,"1":0.7195929289,"2":0.7076848149,"3":0.6689085364,"4":0.6881856918,"5":0.6816037893,"6":0.6510280371,"7":0.6331856251,"8":0.5999474525,"9":0.5811151266,"10":0.5711763501,"11":0.5043810606,"12":0.5380795002,"13":0.6873775125,"14":0.6798921227,"15":0.6754444838,"16":0.6539506912,"17":0.6403232813,"18":0.6171241403,"19":0.6036098599},"accuracy":{"0":0.5093588829,"1":0.5174937844,"2":0.5347446799,"3":0.6071697474,"4":0.5680374503,"5":0.5811101794,"6":0.6283667088,"7":0.6455464959,"8":0.6799978614,"9":0.6973301768,"10":0.7058823705,"11":0.7610076666,"12":0.709821403,"13":0.541855216,"14":0.5652968884,"15":0.5786468387,"16":0.6160176396,"17":0.6400560141,"18":0.665895164,"19":0.6805899739},"val_loss":{"0":0.7364861369,"1":0.6903659105,"2":0.6940276027,"3":0.8637977839,"4":0.6872667074,"5":0.961804986,"6":0.6978281736,"7":0.6854455471,"8":0.8288018703,"9":1.2137188911,"10":0.7043132782,"11":0.6562574506,"12":0.8349480629,"13":0.7130202651,"14":0.6866576672,"15":0.8645953536,"16":0.6481000781,"17":0.6458738446,"18":0.6959656477,"19":0.689136982},"val_accuracy":{"0":0.5241379142,"1":0.5254310369,"2":0.5140692592,"3":0.5543289781,"4":0.5573592782,"5":0.5608224869,"6":0.5885775685,"7":0.594805181,"8":0.548275888,"9":0.5413793325,"10":0.6305195093,"11":0.687173903,"12":0.485281378,"13":0.5578261018,"14":0.5674569011,"15":0.5017315745,"16":0.6284482479,"17":0.6314654946,"18":0.5653679371,"19":0.5674569011}}