{"loss":{"0":1.0169062614,"1":0.7231586576,"2":0.6210879683,"3":0.5745407939,"4":0.5165221095,"5":0.4752054811,"6":0.4148825109,"7":0.4242606461,"8":0.3337545395,"9":0.2915958762,"10":0.2735054493,"11":0.2890063524,"12":0.2262004912,"13":0.1938912272,"14":0.1767015457,"15":0.1624286175,"16":0.1530768722,"17":0.1563531011,"18":0.1297845095,"19":0.1575881541},"accuracy":{"0":0.534018755,"1":0.6193524003,"2":0.6788136363,"3":0.7151476145,"4":0.7536871433,"5":0.7793626785,"6":0.8129507899,"7":0.8190619349,"8":0.8522984385,"9":0.8744882345,"10":0.8833566308,"11":0.8796794415,"12":0.9068088531,"13":0.9209818244,"14":0.9278178215,"15":0.9344341755,"16":0.9375673532,"17":0.9342771173,"18":0.9467650056,"19":0.9363763332},"val_loss":{"0":0.7369436622,"1":0.7728081346,"2":1.07596457,"3":0.5611869097,"4":0.5270748734,"5":0.4498839676,"6":0.5696441531,"7":0.4394674599,"8":0.4126747847,"9":0.5811680555,"10":1.2402662039,"11":0.3803794086,"12":0.4190855324,"13":0.2402697802,"14":0.2734858692,"15":0.2103900015,"16":0.2263138145,"17":0.4004041851,"18":0.2261636108,"19":0.256221205},"val_accuracy":{"0":0.5734913945,"1":0.6365801096,"2":0.5484848619,"3":0.7099567056,"4":0.7448052168,"5":0.7956521511,"6":0.7417749166,"7":0.7941558361,"8":0.8127155304,"9":0.7936956286,"10":0.5887930989,"11":0.8461039066,"12":0.8303030133,"13":0.8935064673,"14":0.889224112,"15":0.9157327414,"16":0.906493485,"17":0.7956709862,"18":0.9025974274,"19":0.8959051967}}