{"loss":{"0":2.2691607475,"1":0.998950243,"2":0.7252666354,"3":0.5833112597,"4":0.4816762507,"5":0.4044875503,"6":0.3515598476,"7":0.3025685549,"8":0.2681476772,"9":0.2373521179,"10":0.2119883895,"11":0.1877742261,"12":0.1688984036,"13":0.15481475,"14":0.139640376,"15":0.1284736097,"16":0.116588369,"17":0.1070837229,"18":0.0977195725,"19":0.0894964486,"20":0.0829994828,"21":0.0827692971,"22":0.0969575122,"23":0.0787853524,"24":0.0693110749,"25":0.0647017807,"26":0.0614222474,"27":0.05706691,"28":0.0533426441,"29":0.0521328077,"30":0.0490538701,"31":0.0483340882,"32":0.0458407477,"33":0.0436651297,"34":0.0408898145,"35":0.0391818658,"36":0.0388522074,"37":0.0376883559,"38":0.0357646719,"39":0.034417104,"40":0.0332980677,"41":0.0326070711,"42":0.0310630612,"43":0.0307568032,"44":0.0296727754,"45":0.0288472883,"46":0.0277427379,"47":0.0269987471,"48":0.0497630388,"49":0.0436717831},"val_loss":{"0":1.5554753542,"1":1.2056494951,"2":1.1523106098,"3":1.0186828375,"4":1.0169425011,"5":1.0285393,"6":0.9553717375,"7":1.0032657385,"8":0.9690849185,"9":1.0115581751,"10":1.0137101412,"11":0.9801644683,"12":1.0432469845,"13":1.0046927929,"14":1.0260101557,"15":1.0371989012,"16":1.0692529678,"17":1.0695335865,"18":1.0915864706,"19":1.1037642956,"20":1.113283515,"21":1.325129509,"22":1.0594072342,"23":1.1021360159,"24":1.1415660381,"25":1.1366565228,"26":1.152738452,"27":1.1705703735,"28":1.2109160423,"29":1.2048245668,"30":1.2340905666,"31":1.157115221,"32":1.2150433064,"33":1.2473523617,"34":1.250290513,"35":1.2740902901,"36":1.2058879137,"37":1.2797220945,"38":1.2758973837,"39":1.29325068,"40":1.3056056499,"41":1.3134450912,"42":1.3573547602,"43":1.3409862518,"44":1.3728631735,"45":1.3876254559,"46":1.3753839731,"47":1.3732959032,"48":1.0848277807,"49":1.1829900742}}