{"loss":{"0":2.1056489944,"1":0.9717639685,"2":0.7131459713,"3":0.5675204396,"4":0.4706327915},"val_loss":{"0":1.4706503153,"1":1.2113574743,"2":1.1090942621,"3":1.0360994339,"4":1.0080496073}}