{"loss":{"0":5.106631279,"1":4.6556248665,"2":4.4348754883,"3":4.2289600372,"4":4.0461850166,"5":3.8556368351,"6":3.6757142544,"7":3.4456810951,"8":3.226585865,"9":2.9510376453,"10":2.6503238678,"11":2.2833821774,"12":1.9121787548,"13":1.4832901955,"14":1.048941493,"15":0.65981251,"16":0.3723360896,"17":0.1899580061,"18":0.0925587565,"19":0.0521853082,"20":0.0605402328,"21":1.1975183487,"22":0.4600119591,"23":0.0972958878,"24":0.0271686856,"25":0.0209982805,"26":0.0157260578,"27":0.0150232166,"28":0.0132032335,"29":0.010802011,"30":0.0137539506,"31":0.0107966308,"32":0.0096779242,"33":0.0054141078,"34":0.0053004934,"35":0.0072026704,"36":0.0078089954,"37":0.0068181362,"38":0.0064303,"39":0.0065999483,"40":0.0066692582,"41":0.0107055083,"42":0.0083058188,"43":0.0059014251,"44":0.0058504338,"45":0.0108383726,"46":0.1163092107,"47":0.0458940528,"48":0.0108527569,"49":0.0082673701},"accuracy":{"0":0.0124166664,"1":0.0248333327,"2":0.0411666669,"3":0.057,"4":0.0781666636,"5":0.1035833359,"6":0.1205833331,"7":0.1598333269,"8":0.1963333338,"9":0.2475000024,"10":0.3064166605,"11":0.3872500062,"12":0.4754166603,"13":0.5858333111,"14":0.7084166408,"15":0.8289166689,"16":0.9156666398,"17":0.9632499814,"18":0.9851666689,"19":0.9929999709,"20":0.9884166718,"21":0.6674166918,"22":0.8764166832,"23":0.9829999804,"24":0.9965000153,"25":0.9973333478,"26":0.9980000257,"27":0.9975000024,"28":0.9982500076,"29":0.9986666441,"30":0.9978333116,"31":0.9985833168,"32":0.9990000129,"33":0.9994166493,"34":0.9994166493,"35":0.9988333583,"36":0.9992499948,"37":0.9990000129,"38":0.999333322,"39":0.9989166856,"40":0.9989166856,"41":0.9984166622,"42":0.9989166856,"43":0.9990000129,"44":0.9991666675,"45":0.9983333349,"46":0.9731666446,"47":0.9916666746,"48":0.9986666441,"49":0.9990833402},"val_loss":{"0":5.0721182823,"1":4.9396920204,"2":4.5020251274,"3":4.5332078934,"4":4.7787981033,"5":4.677344799,"6":4.5133666992,"7":4.8201580048,"8":4.9552769661,"9":5.2212524414,"10":5.3140983582,"11":5.4600734711,"12":6.0315599442,"13":6.1169171333,"14":6.1650271416,"15":6.6986265182,"16":7.1877617836,"17":6.0458989143,"18":6.2336711884,"19":6.0364017487,"20":7.4621901512,"21":6.7598953247,"22":6.2616553307,"23":6.03099823,"24":6.1382308006,"25":6.0458245277,"26":6.080599308,"27":6.0773553848,"28":6.1583676338,"29":6.0665245056,"30":6.1210017204,"31":6.0770382881,"32":6.1682429314,"33":6.0377807617,"34":6.1305851936,"35":6.315413475,"36":6.131855011,"37":6.208753109,"38":6.7986798286,"39":6.3340659142,"40":7.0909581184,"41":6.2909708023,"42":6.2988100052,"43":6.2702641487,"44":6.265537262,"45":7.096976757,"46":7.4696135521,"47":6.5764346123,"48":6.4232931137,"49":6.3444962502},"val_accuracy":{"0":0.0193563439,"1":0.028451493,"2":0.0531716421,"3":0.0439598896,"4":0.0497901104,"5":0.0558535457,"6":0.0704291016,"7":0.0623833947,"8":0.0720615685,"9":0.0587686561,"10":0.0717117563,"11":0.0675139949,"12":0.0661147386,"13":0.081506528,"14":0.069379665,"15":0.0685634315,"16":0.0719449595,"17":0.0922341421,"18":0.0934001878,"19":0.0974813402,"20":0.0687966421,"21":0.0675139949,"22":0.0959654823,"23":0.1051772386,"24":0.1071595177,"25":0.104944028,"26":0.104127802,"27":0.1034281701,"28":0.0995802209,"29":0.1070429087,"30":0.1044776142,"31":0.1110074595,"32":0.1022621244,"33":0.1107742563,"34":0.1113572791,"35":0.104944028,"36":0.1076259315,"37":0.1079757437,"38":0.092817165,"39":0.1037779823,"40":0.088502802,"41":0.0956156701,"42":0.1073927209,"43":0.1083255634,"44":0.1038945913,"45":0.0968983173,"46":0.073694028,"47":0.1017957106,"48":0.1051772386,"49":0.1063432842}}