{"loss":{"0":0.7070685029,"1":0.2647861838,"2":0.0668324456,"3":0.0261865538,"4":0.0158520155,"5":0.0122931218,"6":0.0098109422,"7":0.0090004122,"8":0.00689176,"9":0.0063895881,"10":0.005600417,"11":0.004988506,"12":0.0052569108,"13":0.0036961325,"14":0.0036069502,"15":0.0034400797,"16":0.0030686348,"17":0.0031237749,"18":0.0027566156,"19":0.0024359273,"20":0.0035642504,"21":0.0030385389,"22":0.0023762507,"23":0.0023427277,"24":0.0018261397,"25":0.0022111956,"26":0.0024253202,"27":0.0018310429,"28":0.0016838309,"29":0.0018042109,"30":0.0015475214,"31":0.001470073,"32":0.0013075104,"33":0.0012920758,"34":0.0013092526,"35":0.0012196664,"36":0.0012010825,"37":0.0012621336,"38":0.0014188659,"39":0.001098833,"40":0.0010626598,"41":0.0009712786,"42":0.0010114382,"43":0.0009165249,"44":0.0008965265,"45":0.0009048333,"46":0.0022445444,"47":0.0060173506,"48":0.0035918977,"49":0.0012516552},"accuracy":{"0":0.8054999709,"1":0.9404166937,"2":0.9948333502,"3":0.9988333583,"4":0.9996666908,"5":0.9999166727,"6":0.9996666908,"7":0.9997500181,"8":0.9999166727,"9":0.9997500181,"10":1.0,"11":0.9998333454,"12":0.9995833039,"13":1.0,"14":0.9999166727,"15":1.0,"16":1.0,"17":0.9999166727,"18":1.0,"19":1.0,"20":0.9998333454,"21":0.9997500181,"22":0.9999166727,"23":0.9999166727,"24":1.0,"25":0.9998333454,"26":0.9999166727,"27":1.0,"28":1.0,"29":0.9998333454,"30":1.0,"31":1.0,"32":1.0,"33":1.0,"34":0.9999166727,"35":1.0,"36":1.0,"37":0.9999166727,"38":1.0,"39":1.0,"40":1.0,"41":1.0,"42":1.0,"43":1.0,"44":1.0,"45":1.0,"46":0.9994999766,"47":0.9994999766,"48":0.9996666908,"49":1.0},"val_loss":{"0":1.1431708336,"1":1.0049494505,"2":0.9200096726,"3":0.9087925553,"4":0.9288932681,"5":0.9374766946,"6":0.9731234908,"7":0.9681863189,"8":0.9693134427,"9":0.9837465286,"10":0.9917063713,"11":0.9944978356,"12":0.9948189855,"13":0.9994026423,"14":1.0199691057,"15":1.0148681402,"16":1.0221403837,"17":1.0516101122,"18":1.0587095022,"19":1.0382500887,"20":1.0354347229,"21":1.0418092012,"22":1.0555702448,"23":1.0548932552,"24":1.0551105738,"25":1.0738594532,"26":1.0640747547,"27":1.0629724264,"28":1.0714455843,"29":1.072750926,"30":1.0727374554,"31":1.0721768141,"32":1.084416151,"33":1.0824168921,"34":1.0890343189,"35":1.087211132,"36":1.0914977789,"37":1.10032022,"38":1.0903394222,"39":1.0937845707,"40":1.0955898762,"41":1.0980120897,"42":1.0929353237,"43":1.096817255,"44":1.1042991877,"45":1.1021085978,"46":1.1963042021,"47":1.1472804546,"48":1.113671422,"49":1.1091865301},"val_accuracy":{"0":0.6627798676,"1":0.7045242786,"2":0.7363572717,"3":0.743003726,"4":0.7399719954,"5":0.7407882214,"6":0.7374067307,"7":0.741371274,"8":0.7402052283,"9":0.7390391827,"10":0.7392724156,"11":0.7391557693,"12":0.7409048676,"13":0.741371274,"14":0.7358908653,"15":0.741371274,"16":0.742770493,"17":0.733558774,"18":0.7328591347,"19":0.7388059497,"20":0.73845613,"21":0.7357742786,"22":0.7375233173,"23":0.737639904,"24":0.7390391827,"25":0.7353078127,"26":0.7374067307,"27":0.7358908653,"28":0.7364738584,"29":0.7374067307,"30":0.7364738584,"31":0.7390391827,"32":0.7336753607,"33":0.7369403243,"34":0.737056911,"35":0.7363572717,"36":0.7367070913,"37":0.7357742786,"38":0.7375233173,"39":0.7379897237,"40":0.73845613,"41":0.7382229567,"42":0.7365905046,"43":0.7382229567,"44":0.736240685,"45":0.738922596,"46":0.7110540867,"47":0.7243469954,"48":0.7323927283,"49":0.7328591347}}